src,dest
0,1
0,2
0,3
0,4
0,5
0,6
0,7
0,8
0,9
0,10
0,11
0,12
0,13
0,14
0,15
0,16
0,17
0,18
0,19
0,20
0,21
0,22
0,23
0,24
0,25
0,26
0,27
0,28
0,29
0,30
0,31
0,32
1,3826
1,3827
1,3828
1,3829
1,3830
1,3831
1,3832
1,3833
1,3834
1,3835
1,3836
1,3837
1,3838
1,3839
1,3840
1,3841
1,3842
2,3716
2,3717
2,3718
2,3719
2,3720
2,3721
2,3722
2,3723
2,3724
2,3725
2,3726
2,3727
2,3728
2,3729
2,3730
2,3731
2,3732
2,3733
2,3734
2,3735
2,3736
2,3737
2,3738
2,3739
3,3521
3,3522
3,3523
3,3524
3,3525
3,3526
3,3527
3,3528
3,3529
3,3530
3,3531
3,3532
3,3533
3,3534
3,3535
3,3536
3,3537
4,3258
4,3259
4,3260
4,3261
4,3262
4,3263
4,3264
4,3265
4,3266
4,3267
4,3268
4,3269
4,3270
4,3271
4,3272
4,3273
4,3274
4,3275
5,3054
5,3055
5,3056
5,3057
5,3058
5,3059
5,3060
5,3061
5,3062
5,3063
5,3064
5,3065
6,3033
6,3034
6,3035
6,3036
6,3037
6,3038
7,2806
7,2807
7,2808
7,2809
7,2810
7,2811
7,2812
7,2813
7,2814
7,2815
7,2816
7,2817
7,2818
7,2819
7,2820
7,2821
7,2822
7,2823
8,2643
8,2644
8,2645
8,2646
8,2647
8,2648
8,2649
9,2471
9,2472
9,2473
9,2474
9,2475
9,2476
9,2477
9,2478
9,2479
9,2480
9,2481
9,2482
10,2415
10,2416
10,2417
11,2295
11,2296
11,2297
11,2298
11,2299
11,2300
11,2301
11,2302
11,2303
11,2304
11,2305
11,2306
11,2307
11,2308
11,2309
12,1928
12,1929
12,1930
12,1931
12,1932
12,1933
12,1934
12,1935
12,1936
12,1937
12,1938
12,1939
12,1940
12,1941
12,1942
12,1943
12,1944
12,1945
12,1946
12,1947
12,1948
12,1949
12,1950
12,1951
13,1829
13,1830
13,1831
13,1832
13,1833
13,1834
13,1835
13,1836
13,1837
13,1838
13,1839
13,1840
14,1699
14,1700
14,1701
14,1702
14,1703
14,1704
14,1705
14,1706
14,1707
14,1708
14,1709
14,1710
14,1711
14,1712
14,1713
14,1714
14,1715
14,1716
14,1717
15,1498
15,1499
15,1500
15,1501
15,1502
15,1503
15,1504
16,1342
16,1343
16,1344
16,1345
16,1346
16,1347
16,1348
16,1349
16,1350
16,1351
16,1352
16,1353
16,1354
16,1355
16,1356
16,1357
16,1358
17,1306
17,1307
17,1308
18,1072
18,1073
18,1074
18,1075
18,1076
18,1077
18,1078
18,1079
18,1080
18,1081
18,1082
18,1083
18,1084
18,1085
18,1086
18,1087
18,1088
19,982
19,983
19,984
19,985
19,986
19,987
19,988
20,829
20,830
20,831
20,832
20,833
20,834
20,835
20,836
20,837
20,838
20,839
20,840
20,841
20,842
21,705
21,706
21,707
21,708
21,709
21,710
21,711
21,712
21,713
21,714
21,715
21,716
21,717
21,718
22,548
22,549
22,550
22,551
22,552
22,553
22,554
22,555
22,556
22,557
22,558
22,559
22,560
22,561
22,562
22,563
22,564
22,565
22,566
22,567
22,568
23,513
23,514
23,515
23,516
23,517
23,518
23,519
23,520
23,521
23,522
23,523
23,524
24,472
24,473
24,474
24,475
24,476
24,477
24,478
24,479
25,317
25,318
25,319
26,300
26,301
26,302
26,303
26,304
26,305
26,306
26,307
26,308
26,309
26,310
26,311
26,312
26,313
26,314
27,266
27,267
27,268
27,269
27,270
27,271
27,272
27,273
27,274
27,275
27,276
27,277
27,278
27,279
27,280
27,281
27,282
27,283
27,284
27,285
27,286
27,287
28,153
28,154
28,155
28,156
28,157
28,158
28,159
28,160
28,161
28,162
28,163
28,164
28,165
28,166
28,167
28,168
28,169
28,170
28,171
28,172
28,173
28,174
29,105
29,106
30,82
30,83
30,84
30,85
30,86
30,87
30,88
30,89
30,90
31,57
31,58
31,59
31,60
31,61
31,62
32,33
32,34
32,35
32,36
32,37
32,38
32,39
32,40
32,41
32,42
32,43
32,44
32,45
32,46
32,47
32,48
32,49
32,50
35,51
35,52
35,53
35,54
35,55
35,56
57,71
57,72
57,73
57,74
57,75
60,65
60,66
60,67
60,68
60,69
60,70
61,63
61,64
71,79
71,80
71,81
74,78
75,76
75,77
83,101
83,102
83,103
83,104
85,92
85,93
85,94
85,95
85,96
85,97
85,98
85,99
85,100
86,91
105,134
105,135
105,136
105,137
105,138
105,139
105,140
105,141
105,142
105,143
105,144
106,107
106,108
106,109
106,110
106,111
106,112
106,113
106,114
106,115
106,116
106,117
107,129
107,130
107,131
107,132
107,133
109,123
109,124
109,125
109,126
109,127
109,128
113,118
113,119
113,120
113,121
113,122
136,148
136,149
136,150
136,151
136,152
142,145
142,146
142,147
153,262
153,263
153,264
153,265
154,246
154,247
154,248
154,249
154,250
154,251
154,252
154,253
154,254
154,255
154,256
154,257
154,258
154,259
154,260
154,261
155,243
155,244
155,245
158,234
158,235
158,236
158,237
158,238
158,239
158,240
158,241
158,242
159,222
159,223
159,224
159,225
159,226
159,227
159,228
159,229
159,230
159,231
159,232
159,233
160,220
160,221
161,214
161,215
161,216
161,217
161,218
161,219
162,210
162,211
162,212
162,213
164,205
164,206
164,207
164,208
165,203
165,204
166,195
166,196
166,197
166,198
166,199
166,200
166,201
166,202
167,186
167,187
167,188
167,189
167,190
167,191
167,192
167,193
167,194
168,180
168,181
168,182
168,183
168,184
168,185
170,175
170,176
170,177
170,178
170,179
206,209
272,291
272,292
272,293
272,294
272,295
272,296
272,297
272,298
272,299
273,288
273,289
273,290
304,315
304,316
317,363
317,364
317,365
317,366
317,367
317,368
317,369
317,370
317,371
317,372
317,373
317,374
317,375
317,376
317,377
317,378
317,379
318,338
318,339
318,340
318,341
318,342
318,343
318,344
318,345
318,346
318,347
318,348
318,349
318,350
318,351
319,320
319,321
319,322
319,323
319,324
319,325
320,332
320,333
320,334
320,335
320,336
320,337
322,328
322,329
322,330
322,331
323,326
323,327
339,360
339,361
339,362
342,352
342,353
342,354
342,355
342,356
342,357
342,358
342,359
363,457
363,458
363,459
363,460
363,461
364,449
364,450
364,451
364,452
364,453
364,454
364,455
364,456
365,445
365,446
365,447
365,448
366,434
366,435
366,436
366,437
366,438
366,439
366,440
366,441
366,442
366,443
367,427
367,428
367,429
367,430
368,421
368,422
368,423
368,424
368,425
368,426
369,405
369,406
369,407
369,408
369,409
369,410
369,411
369,412
369,413
369,414
369,415
369,416
370,392
370,393
370,394
370,395
370,396
370,397
370,398
371,388
371,389
371,390
371,391
372,385
372,386
372,387
373,381
373,382
373,383
373,384
375,380
394,402
394,403
394,404
395,399
395,400
395,401
406,417
406,418
406,419
406,420
428,431
428,432
428,433
443,444
458,466
458,467
458,468
458,469
458,470
458,471
459,462
459,463
459,464
459,465
472,496
472,497
472,498
472,499
472,500
472,501
472,502
472,503
472,504
472,505
472,506
472,507
472,508
472,509
472,510
472,511
472,512
473,484
473,485
473,486
473,487
473,488
473,489
473,490
473,491
473,492
473,493
473,494
473,495
478,480
478,481
478,482
478,483
513,543
513,544
513,545
513,546
513,547
514,533
514,534
514,535
514,536
514,537
516,531
516,532
520,530
524,525
524,526
524,527
524,528
524,529
533,538
533,539
533,540
533,541
533,542
548,701
548,702
548,703
548,704
549,697
549,698
549,699
549,700
550,677
550,678
550,679
550,680
550,681
550,682
550,683
550,684
550,685
550,686
550,687
550,688
550,689
550,690
550,691
550,692
550,693
550,694
550,695
550,696
551,665
551,666
551,667
551,668
551,669
552,659
552,660
552,661
552,662
552,663
552,664
553,632
553,633
553,634
553,635
553,636
553,637
553,638
553,639
553,640
553,641
553,642
553,643
553,644
553,645
553,646
553,647
553,648
553,649
553,650
553,651
554,626
554,627
554,628
554,629
554,630
554,631
555,623
555,624
555,625
557,619
557,620
557,621
557,622
558,612
558,613
558,614
558,615
558,616
558,617
558,618
559,605
559,606
559,607
559,608
559,609
559,610
559,611
560,599
560,600
560,601
560,602
560,603
560,604
561,596
561,597
561,598
563,595
564,591
564,592
564,593
564,594
566,569
566,570
566,571
566,572
566,573
566,574
566,575
566,576
566,577
566,578
566,579
566,580
566,581
566,582
566,583
566,584
566,585
566,586
566,587
566,588
566,589
566,590
632,658
639,652
639,653
639,654
639,655
639,656
639,657
665,670
665,671
665,672
665,673
665,674
665,675
665,676
705,811
705,812
705,813
705,814
705,815
705,816
705,817
705,818
705,819
705,820
705,821
705,822
707,804
707,805
707,806
707,807
707,808
707,809
707,810
708,796
708,797
708,798
708,799
708,800
708,801
708,802
708,803
709,778
709,779
709,780
709,781
709,782
709,783
709,784
709,785
709,786
709,787
710,766
710,767
710,768
710,769
710,770
710,771
710,772
710,773
710,774
710,775
710,776
710,777
711,754
711,755
711,756
711,757
711,758
711,759
711,760
711,761
711,762
711,763
711,764
711,765
712,747
712,748
712,749
712,750
712,751
712,752
712,753
713,741
713,742
713,743
713,744
713,745
713,746
714,736
714,737
714,738
714,739
714,740
715,727
715,728
715,729
715,730
715,731
715,732
715,733
715,734
715,735
716,719
716,720
716,721
716,722
716,723
716,724
716,725
716,726
778,791
778,792
778,793
778,794
778,795
783,788
783,789
783,790
811,823
811,824
811,825
811,826
811,827
811,828
830,976
830,977
830,978
830,979
830,980
830,981
831,971
831,972
831,973
831,974
831,975
832,962
832,963
832,964
832,965
832,966
832,967
832,968
832,969
832,970
833,953
833,954
833,955
833,956
833,957
833,958
833,959
833,960
833,961
835,923
835,924
835,925
835,926
835,927
835,928
835,929
835,930
835,931
835,932
835,933
835,934
835,935
835,936
835,937
835,938
836,921
836,922
837,907
837,908
837,909
837,910
837,911
837,912
837,913
837,914
837,915
838,887
838,888
838,889
838,890
838,891
838,892
838,893
838,894
838,895
838,896
838,897
838,898
838,899
838,900
838,901
838,902
838,903
838,904
839,876
839,877
839,878
839,879
839,880
839,881
839,882
839,883
839,884
839,885
839,886
840,855
840,856
840,857
840,858
840,859
840,860
840,861
840,862
840,863
840,864
840,865
840,866
840,867
840,868
840,869
840,870
840,871
840,872
840,873
840,874
840,875
841,846
841,847
841,848
841,849
841,850
841,851
841,852
841,853
841,854
842,843
842,844
842,845
897,905
897,906
909,916
909,917
909,918
909,919
909,920
923,950
923,951
923,952
924,948
924,949
925,945
925,946
925,947
926,943
926,944
930,941
930,942
934,939
934,940
982,1067
982,1068
982,1069
982,1070
982,1071
983,1033
983,1034
983,1035
983,1036
983,1037
983,1038
983,1039
983,1040
983,1041
983,1042
983,1043
983,1044
983,1045
983,1046
983,1047
983,1048
983,1049
983,1050
983,1051
983,1052
983,1053
984,1010
984,1011
984,1012
984,1013
984,1014
984,1015
984,1016
984,1017
984,1018
984,1019
984,1020
984,1021
984,1022
984,1023
984,1024
984,1025
984,1026
984,1027
984,1028
984,1029
984,1030
984,1031
984,1032
985,1008
985,1009
986,992
986,993
986,994
986,995
986,996
986,997
986,998
986,999
986,1000
986,1001
986,1002
986,1003
986,1004
986,1005
987,989
987,990
987,991
996,1006
996,1007
1034,1065
1034,1066
1036,1062
1036,1063
1036,1064
1037,1061
1038,1054
1038,1055
1038,1056
1038,1057
1038,1058
1038,1059
1038,1060
1072,1265
1072,1266
1072,1267
1072,1268
1072,1269
1072,1270
1072,1271
1072,1272
1072,1273
1072,1274
1072,1275
1072,1276
1072,1277
1072,1278
1072,1279
1072,1280
1072,1281
1072,1282
1072,1283
1072,1284
1072,1285
1072,1286
1073,1261
1073,1262
1073,1263
1073,1264
1074,1248
1074,1249
1074,1250
1074,1251
1074,1252
1074,1253
1074,1254
1075,1238
1075,1239
1075,1240
1075,1241
1075,1242
1075,1243
1075,1244
1075,1245
1075,1246
1075,1247
1076,1156
1076,1157
1076,1158
1076,1159
1076,1160
1076,1161
1076,1162
1076,1163
1077,1140
1077,1141
1077,1142
1077,1143
1077,1144
1077,1145
1077,1146
1077,1147
1077,1148
1077,1149
1077,1150
1077,1151
1077,1152
1079,1131
1079,1132
1079,1133
1080,1106
1080,1107
1080,1108
1080,1109
1081,1100
1081,1101
1081,1102
1081,1103
1081,1104
1081,1105
1083,1098
1083,1099
1084,1092
1084,1093
1084,1094
1084,1095
1084,1096
1084,1097
1086,1089
1086,1090
1086,1091
1106,1120
1106,1121
1106,1122
1106,1123
1106,1124
1106,1125
1106,1126
1106,1127
1106,1128
1106,1129
1106,1130
1107,1110
1107,1111
1107,1112
1107,1113
1107,1114
1107,1115
1107,1116
1107,1117
1107,1118
1107,1119
1133,1134
1133,1135
1133,1136
1133,1137
1133,1138
1133,1139
1140,1153
1140,1154
1140,1155
1156,1207
1156,1208
1156,1209
1156,1210
1156,1211
1156,1212
1156,1213
1156,1214
1156,1215
1156,1216
1156,1217
1156,1218
1156,1219
1156,1220
1156,1221
1156,1222
1156,1223
1156,1224
1156,1225
1156,1226
1157,1198
1157,1199
1157,1200
1157,1201
1157,1202
1157,1203
1157,1204
1157,1205
1157,1206
1158,1176
1158,1177
1158,1178
1158,1179
1158,1180
1158,1181
1158,1182
1163,1164
1163,1165
1163,1166
1163,1167
1163,1168
1163,1169
1163,1170
1163,1171
1163,1172
1163,1173
1163,1174
1163,1175
1178,1192
1178,1193
1178,1194
1178,1195
1178,1196
1178,1197
1181,1186
1181,1187
1181,1188
1181,1189
1181,1190
1181,1191
1182,1183
1182,1184
1182,1185
1207,1237
1208,1233
1208,1234
1208,1235
1208,1236
1210,1227
1210,1228
1210,1229
1210,1230
1210,1231
1210,1232
1248,1256
1248,1257
1248,1258
1248,1259
1248,1260
1252,1255
1266,1304
1266,1305
1270,1296
1270,1297
1270,1298
1270,1299
1270,1300
1270,1301
1270,1302
1270,1303
1277,1293
1277,1294
1277,1295
1278,1291
1278,1292
1282,1287
1282,1288
1282,1289
1282,1290
1306,1332
1306,1333
1306,1334
1306,1335
1306,1336
1306,1337
1306,1338
1306,1339
1306,1340
1307,1317
1307,1318
1307,1319
1307,1320
1307,1321
1307,1322
1307,1323
1307,1324
1307,1325
1307,1326
1307,1327
1307,1328
1307,1329
1307,1330
1307,1331
1308,1309
1308,1310
1308,1311
1308,1312
1308,1313
1308,1314
1308,1315
1308,1316
1332,1341
1342,1486
1342,1487
1342,1488
1342,1489
1342,1490
1342,1491
1342,1492
1342,1493
1342,1494
1342,1495
1342,1496
1342,1497
1343,1473
1343,1474
1343,1475
1343,1476
1343,1477
1343,1478
1343,1479
1343,1480
1343,1481
1343,1482
1343,1483
1344,1470
1344,1471
1344,1472
1346,1455
1346,1456
1346,1457
1346,1458
1346,1459
1346,1460
1346,1461
1346,1462
1346,1463
1346,1464
1346,1465
1346,1466
1346,1467
1346,1468
1346,1469
1347,1453
1347,1454
1348,1438
1348,1439
1348,1440
1348,1441
1348,1442
1348,1443
1348,1444
1349,1429
1349,1430
1349,1431
1349,1432
1349,1433
1349,1434
1349,1435
1349,1436
1349,1437
1350,1386
1350,1387
1350,1388
1350,1389
1350,1390
1350,1391
1350,1392
1350,1393
1350,1394
1350,1395
1350,1396
1351,1383
1351,1384
1351,1385
1352,1375
1352,1376
1352,1377
1352,1378
1352,1379
1352,1380
1352,1381
1352,1382
1353,1368
1353,1369
1353,1370
1353,1371
1353,1372
1353,1373
1353,1374
1354,1366
1354,1367
1355,1359
1355,1360
1355,1361
1355,1362
1355,1363
1355,1364
1355,1365
1387,1422
1387,1423
1387,1424
1387,1425
1387,1426
1387,1427
1387,1428
1388,1411
1388,1412
1388,1413
1388,1414
1388,1415
1388,1416
1388,1417
1388,1418
1388,1419
1388,1420
1388,1421
1392,1397
1392,1398
1392,1399
1392,1400
1392,1401
1392,1402
1392,1403
1392,1404
1392,1405
1392,1406
1392,1407
1392,1408
1392,1409
1392,1410
1438,1445
1438,1446
1438,1447
1438,1448
1438,1449
1438,1450
1438,1451
1438,1452
1475,1484
1475,1485
1498,1653
1498,1654
1498,1655
1498,1656
1498,1657
1498,1658
1498,1659
1498,1660
1498,1661
1498,1662
1498,1663
1498,1664
1498,1665
1498,1666
1498,1667
1498,1668
1498,1669
1498,1670
1498,1671
1498,1672
1498,1673
1498,1674
1498,1675
1498,1676
1498,1677
1498,1678
1498,1679
1498,1680
1499,1637
1499,1638
1499,1639
1499,1640
1499,1641
1499,1642
1499,1643
1499,1644
1499,1645
1500,1582
1500,1583
1500,1584
1500,1585
1500,1586
1500,1587
1500,1588
1500,1589
1500,1590
1500,1591
1500,1592
1500,1593
1500,1594
1500,1595
1500,1596
1500,1597
1500,1598
1500,1599
1500,1600
1500,1601
1500,1602
1500,1603
1501,1550
1501,1551
1501,1552
1502,1510
1502,1511
1502,1512
1502,1513
1502,1514
1502,1515
1502,1516
1502,1517
1502,1518
1502,1519
1502,1520
1502,1521
1502,1522
1502,1523
1502,1524
1502,1525
1502,1526
1502,1527
1502,1528
1502,1529
1502,1530
1502,1531
1503,1505
1503,1506
1503,1507
1503,1508
1503,1509
1511,1546
1511,1547
1511,1548
1511,1549
1518,1541
1518,1542
1518,1543
1518,1544
1518,1545
1522,1536
1522,1537
1522,1538
1522,1539
1522,1540
1524,1532
1524,1533
1524,1534
1524,1535
1550,1564
1550,1565
1550,1566
1550,1567
1550,1568
1550,1569
1550,1570
1550,1571
1550,1572
1550,1573
1550,1574
1550,1575
1550,1576
1550,1577
1550,1578
1550,1579
1551,1553
1551,1554
1551,1555
1551,1556
1554,1559
1554,1560
1554,1561
1554,1562
1554,1563
1556,1557
1556,1558
1573,1580
1573,1581
1583,1635
1583,1636
1585,1631
1585,1632
1585,1633
1585,1634
1586,1614
1586,1615
1586,1616
1586,1617
1586,1618
1586,1619
1586,1620
1586,1621
1586,1622
1586,1623
1586,1624
1586,1625
1586,1626
1586,1627
1586,1628
1586,1629
1586,1630
1592,1607
1592,1608
1592,1609
1592,1610
1592,1611
1592,1612
1592,1613
1597,1606
1601,1604
1601,1605
1637,1650
1637,1651
1637,1652
1640,1648
1640,1649
1641,1646
1641,1647
1653,1697
1653,1698
1657,1693
1657,1694
1657,1695
1657,1696
1659,1688
1659,1689
1659,1690
1659,1691
1659,1692
1665,1685
1665,1686
1671,1682
1671,1683
1671,1684
1676,1681
1686,1687
1699,1802
1699,1803
1699,1804
1699,1805
1699,1806
1699,1807
1699,1808
1699,1809
1699,1810
1699,1811
1699,1812
1699,1813
1699,1814
1699,1815
1699,1816
1699,1817
1699,1818
1699,1819
1702,1800
1702,1801
1704,1786
1704,1787
1704,1788
1704,1789
1704,1790
1704,1791
1704,1792
1704,1793
1705,1773
1705,1774
1705,1775
1705,1776
1705,1777
1705,1778
1705,1779
1705,1780
1705,1781
1705,1782
1705,1783
1705,1784
1705,1785
1706,1758
1706,1759
1706,1760
1707,1756
1707,1757
1708,1734
1708,1735
1708,1736
1708,1737
1708,1738
1708,1739
1708,1740
1708,1741
1708,1742
1708,1743
1708,1744
1708,1745
1708,1746
1708,1747
1708,1748
1708,1749
1708,1750
1708,1751
1708,1752
1708,1753
1708,1754
1708,1755
1710,1731
1710,1732
1710,1733
1712,1730
1713,1727
1713,1728
1713,1729
1714,1720
1714,1721
1714,1722
1714,1723
1714,1724
1714,1725
1714,1726
1716,1718
1716,1719
1758,1764
1758,1765
1758,1766
1758,1767
1758,1768
1758,1769
1758,1770
1758,1771
1758,1772
1759,1761
1759,1762
1759,1763
1789,1794
1789,1795
1789,1796
1789,1797
1789,1798
1789,1799
1802,1824
1802,1825
1802,1826
1802,1827
1802,1828
1805,1820
1805,1821
1805,1822
1805,1823
1829,1911
1829,1912
1829,1913
1829,1914
1829,1915
1829,1916
1829,1917
1829,1918
1830,1892
1830,1893
1830,1894
1830,1895
1830,1896
1830,1897
1830,1898
1830,1899
1831,1875
1831,1876
1831,1877
1831,1878
1831,1879
1831,1880
1831,1881
1832,1864
1832,1865
1832,1866
1832,1867
1832,1868
1832,1869
1832,1870
1832,1871
1832,1872
1832,1873
1832,1874
1834,1855
1834,1856
1834,1857
1834,1858
1834,1859
1834,1860
1834,1861
1834,1862
1834,1863
1835,1852
1835,1853
1835,1854
1836,1846
1836,1847
1836,1848
1836,1849
1836,1850
1836,1851
1839,1841
1839,1842
1839,1843
1839,1844
1839,1845
1875,1884
1875,1885
1875,1886
1875,1887
1875,1888
1875,1889
1878,1882
1878,1883
1888,1890
1888,1891
1893,1908
1893,1909
1893,1910
1894,1900
1894,1901
1894,1902
1894,1903
1894,1904
1894,1905
1894,1906
1894,1907
1911,1919
1911,1920
1911,1921
1911,1922
1911,1923
1911,1924
1911,1925
1911,1926
1911,1927
1928,2279
1928,2280
1928,2281
1929,2250
1929,2251
1929,2252
1929,2253
1929,2254
1929,2255
1929,2256
1929,2257
1930,2202
1930,2203
1930,2204
1930,2205
1930,2206
1931,2168
1931,2169
1931,2170
1931,2171
1931,2172
1931,2173
1931,2174
1931,2175
1931,2176
1931,2177
1931,2178
1932,2154
1932,2155
1932,2156
1932,2157
1932,2158
1932,2159
1932,2160
1932,2161
1932,2162
1932,2163
1932,2164
1932,2165
1932,2166
1932,2167
1933,2125
1933,2126
1933,2127
1933,2128
1933,2129
1933,2130
1934,2099
1934,2100
1934,2101
1934,2102
1934,2103
1934,2104
1934,2105
1934,2106
1934,2107
1934,2108
1934,2109
1934,2110
1934,2111
1934,2112
1934,2113
1934,2114
1934,2115
1934,2116
1934,2117
1934,2118
1934,2119
1934,2120
1934,2121
1934,2122
1934,2123
1934,2124
1935,2071
1935,2072
1935,2073
1935,2074
1935,2075
1935,2076
1935,2077
1935,2078
1935,2079
1935,2080
1935,2081
1935,2082
1935,2083
1935,2084
1935,2085
1935,2086
1938,2068
1938,2069
1938,2070
1939,2053
1939,2054
1939,2055
1939,2056
1939,2057
1940,2038
1940,2039
1940,2040
1940,2041
1940,2042
1940,2043
1940,2044
1940,2045
1940,2046
1940,2047
1940,2048
1940,2049
1940,2050
1940,2051
1940,2052
1942,2035
1942,2036
1942,2037
1943,2025
1943,2026
1943,2027
1943,2028
1943,2029
1943,2030
1943,2031
1943,2032
1943,2033
1943,2034
1944,2003
1944,2004
1944,2005
1944,2006
1944,2007
1944,2008
1944,2009
1944,2010
1944,2011
1944,2012
1944,2013
1944,2014
1944,2015
1944,2016
1944,2017
1944,2018
1944,2019
1945,1998
1945,1999
1945,2000
1945,2001
1945,2002
1946,1983
1946,1984
1946,1985
1946,1986
1946,1987
1947,1973
1947,1974
1947,1975
1947,1976
1947,1977
1947,1978
1947,1979
1947,1980
1947,1981
1947,1982
1948,1959
1948,1960
1948,1961
1950,1952
1950,1953
1950,1954
1950,1955
1950,1956
1950,1957
1950,1958
1960,1962
1960,1963
1960,1964
1960,1965
1960,1966
1960,1967
1960,1968
1960,1969
1960,1970
1960,1971
1960,1972
1983,1988
1983,1989
1983,1990
1983,1991
1983,1992
1983,1993
1983,1994
1990,1995
1990,1996
1990,1997
2003,2020
2003,2021
2003,2022
2003,2023
2003,2024
2053,2064
2053,2065
2053,2066
2053,2067
2055,2058
2055,2059
2055,2060
2055,2061
2055,2062
2055,2063
2072,2097
2072,2098
2073,2087
2073,2088
2073,2089
2073,2090
2073,2091
2073,2092
2073,2093
2073,2094
2073,2095
2073,2096
2126,2140
2126,2141
2126,2142
2126,2143
2126,2144
2126,2145
2126,2146
2126,2147
2126,2148
2126,2149
2127,2137
2127,2138
2127,2139
2128,2134
2128,2135
2128,2136
2130,2131
2130,2132
2130,2133
2143,2150
2143,2151
2143,2152
2143,2153
2168,2197
2168,2198
2168,2199
2168,2200
2168,2201
2169,2193
2169,2194
2169,2195
2169,2196
2170,2186
2170,2187
2170,2188
2170,2189
2170,2190
2170,2191
2170,2192
2172,2182
2172,2183
2172,2184
2172,2185
2173,2179
2173,2180
2173,2181
2202,2239
2202,2240
2202,2241
2202,2242
2202,2243
2202,2244
2202,2245
2202,2246
2202,2247
2202,2248
2202,2249
2203,2226
2203,2227
2203,2228
2203,2229
2203,2230
2203,2231
2203,2232
2203,2233
2203,2234
2203,2235
2203,2236
2203,2237
2203,2238
2204,2217
2204,2218
2204,2219
2204,2220
2204,2221
2204,2222
2204,2223
2204,2224
2204,2225
2206,2207
2206,2208
2206,2209
2206,2210
2206,2211
2206,2212
2206,2213
2206,2214
2206,2215
2206,2216
2250,2275
2250,2276
2250,2277
2250,2278
2252,2271
2252,2272
2252,2273
2252,2274
2254,2261
2254,2262
2254,2263
2254,2264
2254,2265
2254,2266
2254,2267
2254,2268
2254,2269
2254,2270
2255,2258
2255,2259
2255,2260
2280,2287
2280,2288
2280,2289
2280,2290
2280,2291
2280,2292
2280,2293
2280,2294
2281,2282
2281,2283
2281,2284
2281,2285
2281,2286
2295,2413
2295,2414
2296,2393
2296,2394
2296,2395
2296,2396
2296,2397
2296,2398
2296,2399
2296,2400
2296,2401
2296,2402
2296,2403
2296,2404
2296,2405
2296,2406
2296,2407
2296,2408
2296,2409
2296,2410
2297,2388
2297,2389
2297,2390
2297,2391
2297,2392
2298,2361
2298,2362
2298,2363
2299,2344
2299,2345
2299,2346
2299,2347
2299,2348
2299,2349
2299,2350
2299,2351
2299,2352
2299,2353
2299,2354
2299,2355
2299,2356
2299,2357
2299,2358
2299,2359
2299,2360
2301,2339
2301,2340
2301,2341
2301,2342
2301,2343
2304,2337
2304,2338
2305,2310
2305,2311
2305,2312
2305,2313
2305,2314
2305,2315
2310,2331
2310,2332
2310,2333
2310,2334
2310,2335
2310,2336
2312,2325
2312,2326
2312,2327
2312,2328
2312,2329
2312,2330
2313,2316
2313,2317
2313,2318
2313,2319
2313,2320
2313,2321
2313,2322
2313,2323
2313,2324
2361,2376
2361,2377
2361,2378
2361,2379
2361,2380
2361,2381
2361,2382
2361,2383
2361,2384
2361,2385
2361,2386
2361,2387
2362,2364
2362,2365
2362,2366
2364,2367
2364,2368
2364,2369
2364,2370
2364,2371
2364,2372
2364,2373
2364,2374
2364,2375
2403,2411
2403,2412
2415,2429
2415,2430
2415,2431
2415,2432
2415,2433
2415,2434
2415,2435
2415,2436
2415,2437
2415,2438
2415,2439
2415,2440
2415,2441
2415,2442
2416,2426
2416,2427
2416,2428
2417,2418
2417,2419
2417,2420
2417,2421
2417,2422
2417,2423
2417,2424
2417,2425
2429,2464
2429,2465
2429,2466
2429,2467
2429,2468
2429,2469
2429,2470
2431,2455
2431,2456
2431,2457
2431,2458
2431,2459
2431,2460
2431,2461
2431,2462
2431,2463
2433,2453
2433,2454
2435,2450
2435,2451
2435,2452
2437,2443
2437,2444
2437,2445
2437,2446
2437,2447
2437,2448
2437,2449
2471,2614
2471,2615
2471,2616
2471,2617
2471,2618
2471,2619
2471,2620
2471,2621
2471,2622
2471,2623
2471,2624
2471,2625
2471,2626
2471,2627
2471,2628
2471,2629
2471,2630
2471,2631
2471,2632
2471,2633
2472,2598
2472,2599
2472,2600
2472,2601
2472,2602
2472,2603
2473,2542
2473,2543
2473,2544
2473,2545
2473,2546
2473,2547
2473,2548
2473,2549
2474,2533
2474,2534
2474,2535
2474,2536
2474,2537
2474,2538
2474,2539
2474,2540
2474,2541
2475,2519
2475,2520
2475,2521
2475,2522
2475,2523
2475,2524
2475,2525
2475,2526
2476,2515
2476,2516
2476,2517
2476,2518
2477,2506
2477,2507
2477,2508
2477,2509
2477,2510
2477,2511
2477,2512
2478,2493
2478,2494
2478,2495
2478,2496
2478,2497
2478,2498
2478,2499
2478,2500
2478,2501
2478,2502
2478,2503
2478,2504
2478,2505
2479,2490
2479,2491
2479,2492
2480,2483
2480,2484
2480,2485
2480,2486
2480,2487
2480,2488
2480,2489
2510,2513
2510,2514
2520,2530
2520,2531
2520,2532
2523,2527
2523,2528
2523,2529
2542,2580
2542,2581
2542,2582
2542,2583
2542,2584
2542,2585
2543,2573
2543,2574
2543,2575
2543,2576
2543,2577
2543,2578
2543,2579
2546,2563
2546,2564
2546,2565
2546,2566
2546,2567
2546,2568
2546,2569
2546,2570
2546,2571
2546,2572
2547,2555
2547,2556
2547,2557
2547,2558
2547,2559
2547,2560
2547,2561
2547,2562
2548,2550
2548,2551
2548,2552
2548,2553
2548,2554
2582,2587
2582,2588
2582,2589
2582,2590
2582,2591
2582,2592
2585,2586
2590,2593
2590,2594
2590,2595
2590,2596
2590,2597
2598,2613
2599,2604
2599,2605
2599,2606
2599,2607
2599,2608
2599,2609
2599,2610
2599,2611
2599,2612
2616,2641
2616,2642
2621,2638
2621,2639
2621,2640
2625,2634
2625,2635
2625,2636
2634,2637
2643,2769
2643,2770
2643,2771
2643,2772
2643,2773
2643,2774
2643,2775
2643,2776
2643,2777
2643,2778
2643,2779
2643,2780
2643,2781
2643,2782
2643,2783
2643,2784
2643,2785
2643,2786
2643,2787
2643,2788
2643,2789
2643,2790
2643,2791
2643,2792
2643,2793
2644,2698
2644,2699
2644,2700
2644,2701
2644,2702
2644,2703
2644,2704
2646,2667
2646,2668
2646,2669
2646,2670
2646,2671
2646,2672
2646,2673
2646,2674
2646,2675
2646,2676
2646,2677
2646,2678
2646,2679
2646,2680
2646,2681
2646,2682
2646,2683
2646,2684
2646,2685
2646,2686
2646,2687
2647,2657
2647,2658
2647,2659
2647,2660
2647,2661
2647,2662
2647,2663
2647,2664
2648,2653
2648,2654
2648,2655
2648,2656
2649,2650
2649,2651
2649,2652
2657,2665
2657,2666
2668,2696
2668,2697
2681,2688
2681,2689
2681,2690
2681,2691
2681,2692
2681,2693
2681,2694
2681,2695
2698,2757
2698,2758
2698,2759
2698,2760
2698,2761
2698,2762
2698,2763
2698,2764
2698,2765
2698,2766
2698,2767
2698,2768
2699,2740
2699,2741
2699,2742
2699,2743
2699,2744
2699,2745
2699,2746
2699,2747
2699,2748
2699,2749
2699,2750
2699,2751
2699,2752
2699,2753
2699,2754
2699,2755
2699,2756
2700,2732
2700,2733
2700,2734
2700,2735
2700,2736
2700,2737
2700,2738
2700,2739
2701,2720
2701,2721
2701,2722
2701,2723
2701,2724
2701,2725
2701,2726
2701,2727
2701,2728
2701,2729
2701,2730
2701,2731
2702,2715
2702,2716
2702,2717
2702,2718
2702,2719
2703,2711
2703,2712
2703,2713
2703,2714
2704,2705
2704,2706
2704,2707
2704,2708
2704,2709
2704,2710
2769,2798
2769,2799
2769,2800
2769,2801
2769,2802
2769,2803
2769,2804
2769,2805
2780,2796
2780,2797
2786,2794
2786,2795
2806,3031
2806,3032
2807,2985
2807,2986
2807,2987
2807,2988
2807,2989
2807,2990
2807,2991
2807,2992
2807,2993
2807,2994
2807,2995
2807,2996
2807,2997
2807,2998
2808,2939
2808,2940
2808,2941
2808,2942
2808,2943
2808,2944
2808,2945
2808,2946
2808,2947
2808,2948
2808,2949
2808,2950
2808,2951
2809,2915
2809,2916
2809,2917
2809,2918
2809,2919
2809,2920
2809,2921
2809,2922
2809,2923
2809,2924
2809,2925
2809,2926
2809,2927
2809,2928
2809,2929
2809,2930
2810,2913
2810,2914
2811,2905
2811,2906
2811,2907
2811,2908
2811,2909
2811,2910
2811,2911
2811,2912
2812,2882
2812,2883
2812,2884
2812,2885
2812,2886
2812,2887
2812,2888
2812,2889
2812,2890
2812,2891
2812,2892
2812,2893
2812,2894
2813,2880
2813,2881
2815,2869
2815,2870
2815,2871
2815,2872
2815,2873
2815,2874
2815,2875
2815,2876
2815,2877
2815,2878
2815,2879
2819,2844
2819,2845
2819,2846
2819,2847
2819,2848
2819,2849
2819,2850
2819,2851
2819,2852
2819,2853
2819,2854
2819,2855
2819,2856
2819,2857
2819,2858
2819,2859
2819,2860
2819,2861
2819,2862
2820,2830
2820,2831
2820,2832
2820,2833
2820,2834
2820,2835
2820,2836
2820,2837
2820,2838
2820,2839
2820,2840
2820,2841
2821,2824
2821,2825
2821,2826
2821,2827
2821,2828
2821,2829
2834,2843
2835,2842
2844,2867
2844,2868
2846,2865
2846,2866
2850,2863
2850,2864
2882,2902
2882,2903
2882,2904
2884,2895
2884,2896
2884,2897
2884,2898
2884,2899
2884,2900
2884,2901
2920,2937
2920,2938
2923,2934
2923,2935
2923,2936
2926,2931
2926,2932
2926,2933
2939,2981
2939,2982
2939,2983
2939,2984
2942,2974
2942,2975
2942,2976
2942,2977
2942,2978
2942,2979
2942,2980
2943,2965
2943,2966
2943,2967
2943,2968
2943,2969
2943,2970
2943,2971
2943,2972
2943,2973
2947,2952
2947,2953
2947,2954
2947,2955
2947,2956
2947,2957
2947,2958
2947,2959
2947,2960
2947,2961
2947,2962
2947,2963
2947,2964
2985,3016
2985,3017
2985,3018
2985,3019
2985,3020
2985,3021
2985,3022
2985,3023
2985,3024
2985,3025
2985,3026
2988,3007
2988,3008
2988,3009
2988,3010
2988,3011
2988,3012
2988,3013
2988,3014
2988,3015
2990,3002
2990,3003
2990,3004
2990,3005
2990,3006
2992,2999
2992,3000
2992,3001
3019,3027
3019,3028
3019,3029
3019,3030
3033,3049
3033,3050
3034,3048
3035,3042
3035,3043
3037,3039
3037,3040
3037,3041
3042,3045
3042,3046
3042,3047
3043,3044
3049,3053
3050,3051
3051,3052
3054,3231
3054,3232
3054,3233
3054,3234
3054,3235
3054,3236
3054,3237
3054,3238
3054,3239
3054,3240
3054,3241
3054,3242
3054,3243
3054,3244
3054,3245
3054,3246
3054,3247
3054,3248
3054,3249
3054,3250
3054,3251
3054,3252
3054,3253
3054,3254
3054,3255
3054,3256
3054,3257
3055,3151
3055,3152
3055,3153
3055,3154
3055,3155
3055,3156
3055,3157
3055,3158
3055,3159
3055,3160
3055,3161
3055,3162
3055,3163
3055,3164
3055,3165
3055,3166
3056,3141
3056,3142
3056,3143
3056,3144
3056,3145
3056,3146
3056,3147
3056,3148
3056,3149
3056,3150
3057,3130
3057,3131
3057,3132
3057,3133
3057,3134
3057,3135
3057,3136
3057,3137
3057,3138
3057,3139
3057,3140
3058,3104
3058,3105
3058,3106
3058,3107
3058,3108
3058,3109
3058,3110
3058,3111
3058,3112
3058,3113
3058,3114
3058,3115
3058,3116
3058,3117
3058,3118
3058,3119
3058,3120
3058,3121
3058,3122
3058,3123
3058,3124
3058,3125
3058,3126
3058,3127
3058,3128
3058,3129
3059,3092
3059,3093
3059,3094
3059,3095
3059,3096
3059,3097
3059,3098
3059,3099
3059,3100
3059,3101
3059,3102
3059,3103
3060,3081
3060,3082
3060,3083
3060,3084
3060,3085
3060,3086
3060,3087
3060,3088
3060,3089
3060,3090
3060,3091
3062,3074
3062,3075
3062,3076
3062,3077
3062,3078
3062,3079
3062,3080
3065,3066
3065,3067
3065,3068
3065,3069
3065,3070
3065,3071
3065,3072
3065,3073
3151,3184
3151,3185
3151,3186
3151,3187
3151,3188
3151,3189
3151,3190
3151,3191
3151,3192
3151,3193
3151,3194
3151,3195
3151,3196
3151,3197
3151,3198
3151,3199
3151,3200
3151,3201
3151,3202
3151,3203
3151,3204
3151,3205
3151,3206
3151,3207
3151,3208
3151,3209
3151,3210
3151,3211
3155,3172
3155,3173
3155,3174
3155,3175
3155,3176
3155,3177
3155,3178
3155,3179
3155,3180
3155,3181
3155,3182
3155,3183
3156,3167
3156,3168
3156,3169
3156,3170
3156,3171
3184,3222
3184,3223
3184,3224
3184,3225
3190,3220
3190,3221
3192,3219
3193,3217
3193,3218
3200,3215
3200,3216
3201,3212
3201,3213
3201,3214
3222,3226
3222,3227
3222,3228
3222,3229
3222,3230
3258,3500
3258,3501
3258,3502
3258,3503
3258,3504
3258,3505
3259,3489
3259,3490
3259,3491
3259,3492
3260,3473
3260,3474
3260,3475
3260,3476
3260,3477
3260,3478
3260,3479
3260,3480
3260,3481
3260,3482
3260,3483
3260,3484
3260,3485
3260,3486
3261,3470
3261,3471
3261,3472
3262,3451
3262,3452
3262,3453
3262,3454
3262,3455
3262,3456
3262,3457
3262,3458
3262,3459
3262,3460
3263,3437
3263,3438
3263,3439
3263,3440
3263,3441
3263,3442
3263,3443
3264,3426
3264,3427
3264,3428
3264,3429
3264,3430
3264,3431
3264,3432
3264,3433
3264,3434
3264,3435
3264,3436
3265,3369
3265,3370
3265,3371
3265,3372
3265,3373
3265,3374
3265,3375
3266,3367
3266,3368
3267,3356
3267,3357
3267,3358
3267,3359
3267,3360
3267,3361
3268,3346
3268,3347
3268,3348
3268,3349
3268,3350
3268,3351
3268,3352
3268,3353
3269,3326
3269,3327
3270,3317
3270,3318
3270,3319
3270,3320
3270,3321
3270,3322
3270,3323
3270,3324
3270,3325
3271,3302
3271,3303
3271,3304
3271,3305
3271,3306
3271,3307
3271,3308
3271,3309
3271,3310
3272,3291
3272,3292
3273,3286
3273,3287
3273,3288
3274,3279
3274,3280
3274,3281
3274,3282
3274,3283
3274,3284
3275,3276
3275,3277
3275,3278
3282,3285
3287,3289
3287,3290
3291,3296
3291,3297
3291,3298
3291,3299
3291,3300
3291,3301
3292,3293
3292,3294
3292,3295
3304,3311
3304,3312
3304,3313
3304,3314
3304,3315
3304,3316
3326,3342
3326,3343
3326,3344
3326,3345
3327,3328
3327,3329
3327,3330
3327,3331
3327,3332
3327,3333
3327,3334
3327,3335
3327,3336
3327,3337
3328,3338
3328,3339
3328,3340
3328,3341
3352,3354
3352,3355
3356,3362
3356,3363
3356,3364
3356,3365
3356,3366
3369,3399
3369,3400
3369,3401
3369,3402
3369,3403
3369,3404
3369,3405
3369,3406
3369,3407
3369,3408
3369,3409
3369,3410
3369,3411
3369,3412
3369,3413
3369,3414
3369,3415
3369,3416
3369,3417
3369,3418
3369,3419
3370,3389
3370,3390
3370,3391
3370,3392
3370,3393
3370,3394
3370,3395
3370,3396
3370,3397
3370,3398
3372,3385
3372,3386
3372,3387
3372,3388
3373,3379
3373,3380
3373,3381
3373,3382
3373,3383
3373,3384
3375,3376
3375,3377
3375,3378
3401,3425
3404,3420
3404,3421
3404,3422
3404,3423
3404,3424
3437,3449
3437,3450
3439,3444
3439,3445
3439,3446
3439,3447
3439,3448
3451,3463
3451,3464
3451,3465
3451,3466
3451,3467
3451,3468
3451,3469
3457,3461
3457,3462
3479,3487
3479,3488
3489,3496
3489,3497
3489,3498
3489,3499
3490,3493
3490,3494
3490,3495
3500,3510
3500,3511
3500,3512
3500,3513
3500,3514
3500,3515
3500,3516
3500,3517
3500,3518
3500,3519
3500,3520
3501,3506
3501,3507
3501,3508
3501,3509
3521,3698
3521,3699
3521,3700
3521,3701
3521,3702
3521,3703
3521,3704
3521,3705
3521,3706
3521,3707
3521,3708
3521,3709
3521,3710
3521,3711
3521,3712
3521,3713
3521,3714
3521,3715
3522,3675
3522,3676
3522,3677
3522,3678
3522,3679
3522,3680
3522,3681
3522,3682
3522,3683
3522,3684
3522,3685
3522,3686
3522,3687
3522,3688
3522,3689
3522,3690
3522,3691
3522,3692
3522,3693
3522,3694
3522,3695
3522,3696
3522,3697
3523,3623
3523,3624
3523,3625
3523,3626
3523,3627
3523,3628
3523,3629
3523,3630
3523,3631
3523,3632
3523,3633
3523,3634
3523,3635
3523,3636
3523,3637
3523,3638
3523,3639
3523,3640
3523,3641
3523,3642
3523,3643
3523,3644
3523,3645
3523,3646
3523,3647
3523,3648
3523,3649
3523,3650
3523,3651
3523,3652
3523,3653
3523,3654
3523,3655
3523,3656
3523,3657
3523,3658
3523,3659
3523,3660
3523,3661
3523,3662
3523,3663
3524,3622
3525,3608
3525,3609
3525,3610
3525,3611
3525,3612
3525,3613
3525,3614
3525,3615
3525,3616
3525,3617
3525,3618
3525,3619
3525,3620
3525,3621
3526,3591
3526,3592
3526,3593
3526,3594
3526,3595
3526,3596
3526,3597
3526,3598
3526,3599
3526,3600
3526,3601
3526,3602
3526,3603
3526,3604
3526,3605
3526,3606
3526,3607
3527,3582
3527,3583
3527,3584
3527,3585
3527,3586
3527,3587
3527,3588
3527,3589
3527,3590
3529,3569
3529,3570
3529,3571
3529,3572
3529,3573
3529,3574
3529,3575
3529,3576
3529,3577
3529,3578
3529,3579
3529,3580
3529,3581
3530,3562
3530,3563
3530,3564
3530,3565
3530,3566
3530,3567
3530,3568
3531,3553
3531,3554
3531,3555
3531,3556
3531,3557
3531,3558
3531,3559
3531,3560
3531,3561
3532,3549
3532,3550
3532,3551
3532,3552
3533,3545
3533,3546
3533,3547
3533,3548
3534,3541
3534,3542
3534,3543
3534,3544
3535,3538
3535,3539
3535,3540
3623,3666
3623,3667
3623,3668
3623,3669
3623,3670
3623,3671
3623,3672
3623,3673
3623,3674
3641,3664
3641,3665
3716,3823
3716,3824
3716,3825
3717,3811
3717,3812
3717,3813
3717,3814
3717,3815
3717,3816
3717,3817
3717,3818
3717,3819
3717,3820
3717,3821
3717,3822
3718,3806
3718,3807
3718,3808
3718,3809
3719,3804
3719,3805
3720,3783
3720,3784
3720,3785
3720,3786
3720,3787
3720,3788
3720,3789
3720,3790
3720,3791
3720,3792
3720,3793
3720,3794
3720,3795
3720,3796
3720,3797
3720,3798
3721,3780
3721,3781
3721,3782
3722,3767
3722,3768
3722,3769
3722,3770
3722,3771
3722,3772
3722,3773
3722,3774
3722,3775
3723,3759
3723,3760
3723,3761
3723,3762
3723,3763
3723,3764
3723,3765
3723,3766
3726,3752
3726,3753
3726,3754
3726,3755
3726,3756
3726,3757
3726,3758
3729,3747
3729,3748
3729,3749
3729,3750
3729,3751
3731,3745
3731,3746
3736,3740
3736,3741
3736,3742
3736,3743
3736,3744
3768,3779
3770,3776
3770,3777
3770,3778
3786,3802
3786,3803
3789,3799
3789,3800
3789,3801
3806,3810
3826,4165
3826,4166
3826,4167
3826,4168
3826,4169
3826,4170
3826,4171
3826,4172
3826,4173
3826,4174
3826,4175
3826,4176
3826,4177
3826,4178
3826,4179
3826,4180
3826,4181
3826,4182
3826,4183
3826,4184
3826,4185
3826,4186
3826,4187
3826,4188
3826,4189
3826,4190
3826,4191
3826,4192
3826,4193
3826,4194
3826,4195
3826,4196
3826,4197
3826,4198
3826,4199
3826,4200
3826,4201
3826,4202
3826,4203
3826,4204
3827,4144
3827,4145
3827,4146
3827,4147
3827,4148
3827,4149
3827,4150
3827,4151
3827,4152
3827,4153
3827,4154
3827,4155
3827,4156
3827,4157
3827,4158
3827,4159
3827,4160
3828,4141
3828,4142
3828,4143
3829,4028
3829,4029
3829,4030
3829,4031
3829,4032
3829,4033
3829,4034
3829,4035
3829,4036
3829,4037
3829,4038
3829,4039
3829,4040
3829,4041
3829,4042
3829,4043
3829,4044
3829,4045
3829,4046
3829,4047
3829,4048
3829,4049
3829,4050
3829,4051
3829,4052
3829,4053
3829,4054
3829,4055
3829,4056
3829,4057
3829,4058
3829,4059
3829,4060
3829,4061
3829,4062
3830,4021
3830,4022
3830,4023
3830,4024
3830,4025
3830,4026
3830,4027
3831,3964
3831,3965
3831,3966
3831,3967
3831,3968
3831,3969
3831,3970
3831,3971
3831,3972
3831,3973
3831,3974
3831,3975
3831,3976
3831,3977
3831,3978
3831,3979
3831,3980
3831,3981
3831,3982
3831,3983
3831,3984
3831,3985
3831,3986
3831,3987
3831,3988
3831,3989
3831,3990
3831,3991
3831,3992
3831,3993
3831,3994
3831,3995
3832,3953
3832,3954
3832,3955
3832,3956
3832,3957
3832,3958
3832,3959
3832,3960
3832,3961
3833,3934
3833,3935
3833,3936
3833,3937
3833,3938
3833,3939
3833,3940
3833,3941
3833,3942
3833,3943
3833,3944
3833,3945
3833,3946
3833,3947
3833,3948
3833,3949
3833,3950
3834,3914
3834,3915
3834,3916
3834,3917
3835,3906
3835,3907
3835,3908
3835,3909
3835,3910
3835,3911
3835,3912
3835,3913
3836,3901
3836,3902
3836,3903
3836,3904
3836,3905
3837,3877
3837,3878
3837,3879
3837,3880
3837,3881
3837,3882
3837,3883
3837,3884
3837,3885
3837,3886
3837,3887
3837,3888
3837,3889
3837,3890
3837,3891
3837,3892
3837,3893
3837,3894
3837,3895
3838,3861
3838,3862
3838,3863
3838,3864
3838,3865
3838,3866
3838,3867
3838,3868
3838,3869
3838,3870
3838,3871
3840,3845
3840,3846
3840,3847
3840,3848
3840,3849
3840,3850
3840,3851
3840,3852
3840,3853
3840,3854
3840,3855
3842,3843
3842,3844
3847,3858
3847,3859
3847,3860
3848,3856
3848,3857
3863,3872
3863,3873
3863,3874
3863,3875
3863,3876
3878,3899
3878,3900
3881,3896
3881,3897
3881,3898
3915,3925
3915,3926
3915,3927
3915,3928
3915,3929
3915,3930
3915,3931
3915,3932
3915,3933
3916,3918
3916,3919
3916,3920
3916,3921
3916,3922
3916,3923
3916,3924
3940,3951
3940,3952
3954,3962
3954,3963
3964,4019
3964,4020
3968,4017
3968,4018
3969,4013
3969,4014
3969,4015
3969,4016
3970,4010
3970,4011
3970,4012
3972,4006
3972,4007
3972,4008
3972,4009
3976,4004
3976,4005
3978,4000
3978,4001
3978,4002
3978,4003
3980,3998
3980,3999
3986,3996
3986,3997
4028,4131
4028,4132
4028,4133
4028,4134
4028,4135
4028,4136
4028,4137
4028,4138
4028,4139
4028,4140
4029,4117
4029,4118
4029,4119
4029,4120
4029,4121
4029,4122
4030,4107
4030,4108
4030,4109
4030,4110
4030,4111
4030,4112
4030,4113
4030,4114
4030,4115
4030,4116
4031,4099
4031,4100
4031,4101
4031,4102
4031,4103
4031,4104
4031,4105
4031,4106
4033,4096
4033,4097
4033,4098
4034,4094
4034,4095
4035,4089
4035,4090
4035,4091
4035,4092
4035,4093
4036,4087
4036,4088
4038,4081
4038,4082
4038,4083
4038,4084
4038,4085
4038,4086
4039,4079
4039,4080
4040,4077
4040,4078
4044,4075
4044,4076
4047,4073
4047,4074
4050,4071
4050,4072
4051,4069
4051,4070
4052,4067
4052,4068
4054,4065
4054,4066
4058,4063
4058,4064
4117,4128
4117,4129
4117,4130
4119,4123
4119,4124
4119,4125
4119,4126
4119,4127
4145,4161
4145,4162
4145,4163
4145,4164
4165,4298
4165,4299
4165,4300
4166,4295
4166,4296
4166,4297
4167,4289
4167,4290
4167,4291
4167,4292
4167,4293
4167,4294
4169,4285
4169,4286
4169,4287
4169,4288
4170,4283
4170,4284
4172,4280
4172,4281
4172,4282
4173,4278
4173,4279
4174,4276
4174,4277
4175,4267
4175,4268
4175,4269
4175,4270
4175,4271
4175,4272
4175,4273
4175,4274
4175,4275
4176,4263
4176,4264
4176,4265
4176,4266
4178,4260
4178,4261
4178,4262
4179,4257
4179,4258
4179,4259
4180,4254
4180,4255
4180,4256
4181,4248
4181,4249
4181,4250
4181,4251
4181,4252
4181,4253
4182,4246
4182,4247
4183,4240
4183,4241
4183,4242
4183,4243
4183,4244
4183,4245
4184,4238
4184,4239
4185,4236
4185,4237
4186,4234
4186,4235
4187,4232
4187,4233
4188,4226
4188,4227
4188,4228
4188,4229
4188,4230
4188,4231
4189,4224
4189,4225
4191,4222
4191,4223
4193,4221
4194,4219
4194,4220
4195,4218
4196,4216
4196,4217
4197,4214
4197,4215
4198,4212
4198,4213
4199,4211
4200,4209
4200,4210
4201,4208
4202,4207
4203,4206
4204,4205
